model,category,seed,phase,ctype,severity,rescue,image_AUROC
PatchCore,bottle,42,degradation,low_light,mild,none,0.9365079402923584
PatchCore,bottle,42,rescue,low_light,mild,CLAHE,0.9333333969116212
PatchCore,bottle,42,rescue,low_light,mild,Retinex,0.9444444179534912
PatchCore,bottle,42,degradation,low_light,moderate,none,0.9674603343009948
PatchCore,bottle,42,rescue,low_light,moderate,CLAHE,0.9246031641960144
PatchCore,bottle,42,rescue,low_light,moderate,Retinex,0.9539682865142822
PatchCore,bottle,42,degradation,gaussian_blur,mild,none,1.0
PatchCore,bottle,42,rescue,gaussian_blur,mild,Wiener,0.5
PatchCore,bottle,42,degradation,gaussian_blur,moderate,none,0.8888888955116272
PatchCore,bottle,42,rescue,gaussian_blur,moderate,Wiener,0.5
PatchCore,bottle,42,degradation,motion_blur,mild,none,1.0
PatchCore,bottle,42,rescue,motion_blur,mild,Wiener (Motion PSF),0.5
PatchCore,bottle,42,degradation,motion_blur,moderate,none,0.8976190686225891
PatchCore,bottle,42,rescue,motion_blur,moderate,Wiener (Motion PSF),0.5
PatchCore,bottle,42,degradation,sensor_noise,mild,none,0.8603174686431885
PatchCore,bottle,42,rescue,sensor_noise,mild,NLM Denoise,0.9015873074531556
PatchCore,bottle,42,degradation,sensor_noise,moderate,none,0.8134920597076416
PatchCore,bottle,42,rescue,sensor_noise,moderate,NLM Denoise,0.9380952715873718
PatchCore,bottle,42,degradation,fog_haze,mild,none,0.5253968238830566
PatchCore,bottle,42,rescue,fog_haze,mild,Dehaze (Dark Channel),0.5230158567428589
PatchCore,bottle,42,degradation,fog_haze,moderate,none,0.7642857432365417
PatchCore,bottle,42,rescue,fog_haze,moderate,Dehaze (Dark Channel),0.5761904716491699
PatchCore,bottle,123,degradation,low_light,mild,none,0.9341269731521606
PatchCore,bottle,123,rescue,low_light,mild,CLAHE,0.932539701461792
PatchCore,bottle,123,rescue,low_light,mild,Retinex,0.9357142448425292
PatchCore,bottle,123,degradation,low_light,moderate,none,0.9611111283302308
PatchCore,bottle,123,rescue,low_light,moderate,CLAHE,0.9420635104179382
PatchCore,bottle,123,rescue,low_light,moderate,Retinex,0.9626984000205994
PatchCore,bottle,123,degradation,gaussian_blur,mild,none,1.0
PatchCore,bottle,123,rescue,gaussian_blur,mild,Wiener,0.5
PatchCore,bottle,123,degradation,gaussian_blur,moderate,none,0.8976190686225891
PatchCore,bottle,123,rescue,gaussian_blur,moderate,Wiener,0.5
PatchCore,bottle,123,degradation,motion_blur,mild,none,0.9992063641548156
PatchCore,bottle,123,rescue,motion_blur,mild,Wiener (Motion PSF),0.5
PatchCore,bottle,123,degradation,motion_blur,moderate,none,0.9023810029029846
PatchCore,bottle,123,rescue,motion_blur,moderate,Wiener (Motion PSF),0.5
PatchCore,bottle,123,degradation,sensor_noise,mild,none,0.8658729791641235
PatchCore,bottle,123,rescue,sensor_noise,mild,NLM Denoise,0.9166666269302368
PatchCore,bottle,123,degradation,sensor_noise,moderate,none,0.8071428537368774
PatchCore,bottle,123,rescue,sensor_noise,moderate,NLM Denoise,0.9222221970558168
PatchCore,bottle,123,degradation,fog_haze,mild,none,0.5444444417953491
PatchCore,bottle,123,rescue,fog_haze,mild,Dehaze (Dark Channel),0.6015872955322266
PatchCore,bottle,123,degradation,fog_haze,moderate,none,0.9071428775787354
PatchCore,bottle,123,rescue,fog_haze,moderate,Dehaze (Dark Channel),0.699999988079071
PatchCore,bottle,456,degradation,low_light,mild,none,0.9373015761375428
PatchCore,bottle,456,rescue,low_light,mild,CLAHE,0.9317460060119628
PatchCore,bottle,456,rescue,low_light,mild,Retinex,0.941269874572754
PatchCore,bottle,456,degradation,low_light,moderate,none,0.962698459625244
PatchCore,bottle,456,rescue,low_light,moderate,CLAHE,0.920634925365448
PatchCore,bottle,456,rescue,low_light,moderate,Retinex,0.9650793671607972
PatchCore,bottle,456,degradation,gaussian_blur,mild,none,1.0
PatchCore,bottle,456,rescue,gaussian_blur,mild,Wiener,0.5
PatchCore,bottle,456,degradation,gaussian_blur,moderate,none,0.899206280708313
PatchCore,bottle,456,rescue,gaussian_blur,moderate,Wiener,0.5
PatchCore,bottle,456,degradation,motion_blur,mild,none,1.0
PatchCore,bottle,456,rescue,motion_blur,mild,Wiener (Motion PSF),0.5
PatchCore,bottle,456,degradation,motion_blur,moderate,none,0.9039682149887084
PatchCore,bottle,456,rescue,motion_blur,moderate,Wiener (Motion PSF),0.5
PatchCore,bottle,456,degradation,sensor_noise,mild,none,0.8634920716285706
PatchCore,bottle,456,rescue,sensor_noise,mild,NLM Denoise,0.9246031641960144
PatchCore,bottle,456,degradation,sensor_noise,moderate,none,0.8198412656784058
PatchCore,bottle,456,rescue,sensor_noise,moderate,NLM Denoise,0.9214285612106324
PatchCore,bottle,456,degradation,fog_haze,mild,none,0.5361111164093018
PatchCore,bottle,456,rescue,fog_haze,mild,Dehaze (Dark Channel),0.7174603343009949
PatchCore,bottle,456,degradation,fog_haze,moderate,none,0.7944444417953491
PatchCore,bottle,456,rescue,fog_haze,moderate,Dehaze (Dark Channel),0.4611111283302307
PatchCore,cable,42,degradation,low_light,mild,none,0.9696401953697203
PatchCore,cable,42,rescue,low_light,mild,CLAHE,0.9782608151435852
PatchCore,cable,42,rescue,low_light,mild,Retinex,0.9327211380004884
PatchCore,cable,42,degradation,low_light,moderate,none,0.922976016998291
PatchCore,cable,42,rescue,low_light,moderate,CLAHE,0.9627061486244202
PatchCore,cable,42,rescue,low_light,moderate,Retinex,0.955584704875946
PatchCore,cable,42,degradation,gaussian_blur,mild,none,0.9177286624908448
PatchCore,cable,42,rescue,gaussian_blur,mild,Wiener,0.5
PatchCore,cable,42,degradation,gaussian_blur,moderate,none,0.532421350479126
PatchCore,cable,42,rescue,gaussian_blur,moderate,Wiener,0.5
PatchCore,cable,42,degradation,motion_blur,mild,none,0.7889804840087891
PatchCore,cable,42,rescue,motion_blur,mild,Wiener (Motion PSF),0.5
PatchCore,cable,42,degradation,motion_blur,moderate,none,0.5
PatchCore,cable,42,rescue,motion_blur,moderate,Wiener (Motion PSF),0.5
PatchCore,cable,42,degradation,sensor_noise,mild,none,0.9724512696266174
PatchCore,cable,42,rescue,sensor_noise,mild,NLM Denoise,0.9167916178703308
PatchCore,cable,42,degradation,sensor_noise,moderate,none,0.9390929341316224
PatchCore,cable,42,rescue,sensor_noise,moderate,NLM Denoise,0.8399550318717957
PatchCore,cable,42,degradation,fog_haze,mild,none,0.8605697154998779
PatchCore,cable,42,rescue,fog_haze,mild,Dehaze (Dark Channel),0.8630059957504272
PatchCore,cable,42,degradation,fog_haze,moderate,none,0.7850449681282043
PatchCore,cable,42,rescue,fog_haze,moderate,Dehaze (Dark Channel),0.8309594988822937
PatchCore,cable,123,degradation,low_light,mild,none,0.9713268280029296
PatchCore,cable,123,rescue,low_light,mild,CLAHE,0.9767615795135498
PatchCore,cable,123,rescue,low_light,mild,Retinex,0.9387181997299194
PatchCore,cable,123,degradation,low_light,moderate,none,0.9269115328788756
PatchCore,cable,123,rescue,low_light,moderate,CLAHE,0.9619565606117249
PatchCore,cable,123,rescue,low_light,moderate,Retinex,0.9538980722427368
PatchCore,cable,123,degradation,gaussian_blur,mild,none,0.914730191230774
PatchCore,cable,123,rescue,gaussian_blur,mild,Wiener,0.5
PatchCore,cable,123,degradation,gaussian_blur,moderate,none,0.5123688578605652
PatchCore,cable,123,rescue,gaussian_blur,moderate,Wiener,0.5
PatchCore,cable,123,degradation,motion_blur,mild,none,0.7822338938713074
PatchCore,cable,123,rescue,motion_blur,mild,Wiener (Motion PSF),0.5
PatchCore,cable,123,degradation,motion_blur,moderate,none,0.5375750064849854
PatchCore,cable,123,rescue,motion_blur,moderate,Wiener (Motion PSF),0.5
PatchCore,cable,123,degradation,sensor_noise,mild,none,0.9597076773643494
PatchCore,cable,123,rescue,sensor_noise,mild,NLM Denoise,0.911356806755066
PatchCore,cable,123,degradation,sensor_noise,moderate,none,0.9269115328788756
PatchCore,cable,123,rescue,sensor_noise,moderate,NLM Denoise,0.8483883142471313
PatchCore,cable,123,degradation,fog_haze,mild,none,0.8753747940063477
PatchCore,cable,123,rescue,fog_haze,mild,Dehaze (Dark Channel),0.8789355158805847
PatchCore,cable,123,degradation,fog_haze,moderate,none,0.7844827175140381
PatchCore,cable,123,rescue,fog_haze,moderate,Dehaze (Dark Channel),0.856821596622467
PatchCore,cable,456,degradation,low_light,mild,none,0.9767616391181946
PatchCore,cable,456,rescue,low_light,mild,CLAHE,0.9788230657577516
PatchCore,cable,456,rescue,low_light,mild,Retinex,0.9299100637435912
PatchCore,cable,456,degradation,low_light,moderate,none,0.9315966367721558
PatchCore,cable,456,rescue,low_light,moderate,CLAHE,0.964580237865448
PatchCore,cable,456,rescue,low_light,moderate,Retinex,0.9505246877670288
PatchCore,cable,456,degradation,gaussian_blur,mild,none,0.9263492822647096
PatchCore,cable,456,rescue,gaussian_blur,mild,Wiener,0.5
PatchCore,cable,456,degradation,gaussian_blur,moderate,none,0.5296102166175842
PatchCore,cable,456,rescue,gaussian_blur,moderate,Wiener,0.5
PatchCore,cable,456,degradation,motion_blur,mild,none,0.7805472612380981
PatchCore,cable,456,rescue,motion_blur,mild,Wiener (Motion PSF),0.5
PatchCore,cable,456,degradation,motion_blur,moderate,none,0.517241358757019
PatchCore,cable,456,rescue,motion_blur,moderate,Wiener (Motion PSF),0.5
PatchCore,cable,456,degradation,sensor_noise,mild,none,0.970014989376068
PatchCore,cable,456,rescue,sensor_noise,mild,NLM Denoise,0.91922789812088
PatchCore,cable,456,degradation,sensor_noise,moderate,none,0.9390929937362672
PatchCore,cable,456,rescue,sensor_noise,moderate,NLM Denoise,0.8397676348686218
PatchCore,cable,456,degradation,fog_haze,mild,none,0.8804347515106201
PatchCore,cable,456,rescue,fog_haze,mild,Dehaze (Dark Channel),0.8823087811470032
PatchCore,cable,456,degradation,fog_haze,moderate,none,0.7981634140014648
PatchCore,cable,456,rescue,fog_haze,moderate,Dehaze (Dark Channel),0.8695652484893799
PatchCore,capsule,42,degradation,low_light,mild,none,0.9473474621772766
PatchCore,capsule,42,rescue,low_light,mild,CLAHE,0.8244914412498474
PatchCore,capsule,42,rescue,low_light,mild,Retinex,0.6282409429550171
PatchCore,capsule,42,degradation,low_light,moderate,none,0.5496609210968018
PatchCore,capsule,42,rescue,low_light,moderate,CLAHE,0.815716028213501
PatchCore,capsule,42,rescue,low_light,moderate,Retinex,0.5125647783279419
PatchCore,capsule,42,degradation,gaussian_blur,mild,none,0.8548065423965454
PatchCore,capsule,42,rescue,gaussian_blur,mild,Wiener,0.5
PatchCore,capsule,42,degradation,gaussian_blur,moderate,none,0.5
PatchCore,capsule,42,rescue,gaussian_blur,moderate,Wiener,0.5
PatchCore,capsule,42,degradation,motion_blur,mild,none,0.5482648611068726
PatchCore,capsule,42,rescue,motion_blur,mild,Wiener (Motion PSF),0.5
PatchCore,capsule,42,degradation,motion_blur,moderate,none,0.5
PatchCore,capsule,42,rescue,motion_blur,moderate,Wiener (Motion PSF),0.5
PatchCore,capsule,42,degradation,sensor_noise,mild,none,0.5193458199501038
PatchCore,capsule,42,rescue,sensor_noise,mild,NLM Denoise,0.4802552759647369
PatchCore,capsule,42,degradation,sensor_noise,moderate,none,0.5
PatchCore,capsule,42,rescue,sensor_noise,moderate,NLM Denoise,0.5
PatchCore,capsule,42,degradation,fog_haze,mild,none,0.5151575803756714
PatchCore,capsule,42,rescue,fog_haze,mild,Dehaze (Dark Channel),0.4954128563404083
PatchCore,capsule,42,degradation,fog_haze,moderate,none,0.5
PatchCore,capsule,42,rescue,fog_haze,moderate,Dehaze (Dark Channel),0.5
PatchCore,capsule,123,degradation,low_light,mild,none,0.9497408270835876
PatchCore,capsule,123,rescue,low_light,mild,CLAHE,0.8280813694000244
PatchCore,capsule,123,rescue,low_light,mild,Retinex,0.6533705592155457
PatchCore,capsule,123,degradation,low_light,moderate,none,0.5422816276550293
PatchCore,capsule,123,rescue,low_light,moderate,CLAHE,0.8169126510620117
PatchCore,capsule,123,rescue,low_light,moderate,Retinex,0.4908256828784942
PatchCore,capsule,123,degradation,gaussian_blur,mild,none,0.8528121709823608
PatchCore,capsule,123,rescue,gaussian_blur,mild,Wiener,0.5
PatchCore,capsule,123,degradation,gaussian_blur,moderate,none,0.5
PatchCore,capsule,123,rescue,gaussian_blur,moderate,Wiener,0.5
PatchCore,capsule,123,degradation,motion_blur,mild,none,0.5578380823135376
PatchCore,capsule,123,rescue,motion_blur,mild,Wiener (Motion PSF),0.5
PatchCore,capsule,123,degradation,motion_blur,moderate,none,0.5
PatchCore,capsule,123,rescue,motion_blur,moderate,Wiener (Motion PSF),0.5
PatchCore,capsule,123,degradation,sensor_noise,mild,none,0.5201435685157776
PatchCore,capsule,123,rescue,sensor_noise,mild,NLM Denoise,0.4780613780021667
PatchCore,capsule,123,degradation,sensor_noise,moderate,none,0.5
PatchCore,capsule,123,rescue,sensor_noise,moderate,NLM Denoise,0.5
PatchCore,capsule,123,degradation,fog_haze,mild,none,0.4890306890010834
PatchCore,capsule,123,rescue,fog_haze,mild,Dehaze (Dark Channel),0.5
PatchCore,capsule,123,degradation,fog_haze,moderate,none,0.5
PatchCore,capsule,123,rescue,fog_haze,moderate,Dehaze (Dark Channel),0.5
PatchCore,capsule,456,degradation,low_light,mild,none,0.9457517862319946
PatchCore,capsule,456,rescue,low_light,mild,CLAHE,0.8181093335151672
PatchCore,capsule,456,rescue,low_light,mild,Retinex,0.6597527265548706
PatchCore,capsule,456,degradation,low_light,moderate,none,0.548464298248291
PatchCore,capsule,456,rescue,low_light,moderate,CLAHE,0.8133226633071899
PatchCore,capsule,456,rescue,low_light,moderate,Retinex,0.5205424427986145
PatchCore,capsule,456,degradation,gaussian_blur,mild,none,0.8536098599433899
PatchCore,capsule,456,rescue,gaussian_blur,mild,Wiener,0.5
PatchCore,capsule,456,degradation,gaussian_blur,moderate,none,0.5
PatchCore,capsule,456,rescue,gaussian_blur,moderate,Wiener,0.5
PatchCore,capsule,456,degradation,motion_blur,mild,none,0.5610291361808777
PatchCore,capsule,456,rescue,motion_blur,mild,Wiener (Motion PSF),0.5
PatchCore,capsule,456,degradation,motion_blur,moderate,none,0.5
PatchCore,capsule,456,rescue,motion_blur,moderate,Wiener (Motion PSF),0.5
PatchCore,capsule,456,degradation,sensor_noise,mild,none,0.5863581895828247
PatchCore,capsule,456,rescue,sensor_noise,mild,NLM Denoise,0.509972095489502
PatchCore,capsule,456,degradation,sensor_noise,moderate,none,0.5
PatchCore,capsule,456,rescue,sensor_noise,moderate,NLM Denoise,0.5
PatchCore,capsule,456,degradation,fog_haze,mild,none,0.5454726815223694
PatchCore,capsule,456,rescue,fog_haze,mild,Dehaze (Dark Channel),0.5173513889312744
PatchCore,capsule,456,degradation,fog_haze,moderate,none,0.5
PatchCore,capsule,456,rescue,fog_haze,moderate,Dehaze (Dark Channel),0.5
PatchCore,carpet,42,degradation,low_light,mild,none,0.9819421768188475
PatchCore,carpet,42,rescue,low_light,mild,CLAHE,0.985553741455078
PatchCore,carpet,42,rescue,low_light,mild,Retinex,0.9578651785850524
PatchCore,carpet,42,degradation,low_light,moderate,none,0.9670947194099426
PatchCore,carpet,42,rescue,low_light,moderate,CLAHE,0.9815409183502196
PatchCore,carpet,42,rescue,low_light,moderate,Retinex,0.9819422364234924
PatchCore,carpet,42,degradation,gaussian_blur,mild,none,0.9911717176437378
PatchCore,carpet,42,rescue,gaussian_blur,mild,Wiener,0.5
PatchCore,carpet,42,degradation,gaussian_blur,moderate,none,0.6284109354019165
PatchCore,carpet,42,rescue,gaussian_blur,moderate,Wiener,0.5
PatchCore,carpet,42,degradation,motion_blur,mild,none,0.9283708333969116
PatchCore,carpet,42,rescue,motion_blur,mild,Wiener (Motion PSF),0.4634831547737121
PatchCore,carpet,42,degradation,motion_blur,moderate,none,0.8218299150466919
PatchCore,carpet,42,rescue,motion_blur,moderate,Wiener (Motion PSF),0.4369984269142151
PatchCore,carpet,42,degradation,sensor_noise,mild,none,0.9771267771720886
PatchCore,carpet,42,rescue,sensor_noise,mild,NLM Denoise,0.9386035203933716
PatchCore,carpet,42,degradation,sensor_noise,moderate,none,0.9510433673858644
PatchCore,carpet,42,rescue,sensor_noise,moderate,NLM Denoise,0.846308171749115
PatchCore,carpet,42,degradation,fog_haze,mild,none,0.9309791326522828
PatchCore,carpet,42,rescue,fog_haze,mild,Dehaze (Dark Channel),0.9105136394500732
PatchCore,carpet,42,degradation,fog_haze,moderate,none,0.4963884353637695
PatchCore,carpet,42,rescue,fog_haze,moderate,Dehaze (Dark Channel),0.5551765561103821
PatchCore,carpet,123,degradation,low_light,mild,none,0.9835472702980042
PatchCore,carpet,123,rescue,low_light,mild,CLAHE,0.9875601530075072
PatchCore,carpet,123,rescue,low_light,mild,Retinex,0.9642857313156128
PatchCore,carpet,123,degradation,low_light,moderate,none,0.9707062840461732
PatchCore,carpet,123,rescue,low_light,moderate,CLAHE,0.9823434948921204
PatchCore,carpet,123,rescue,low_light,moderate,Retinex,0.9807382822036744
PatchCore,carpet,123,degradation,gaussian_blur,mild,none,0.9915730357170104
PatchCore,carpet,123,rescue,gaussian_blur,mild,Wiener,0.5
PatchCore,carpet,123,degradation,gaussian_blur,moderate,none,0.6863964796066284
PatchCore,carpet,123,rescue,gaussian_blur,moderate,Wiener,0.5
PatchCore,carpet,123,degradation,motion_blur,mild,none,0.9173354506492616
PatchCore,carpet,123,rescue,motion_blur,mild,Wiener (Motion PSF),0.4562600255012512
PatchCore,carpet,123,degradation,motion_blur,moderate,none,0.8101925849914551
PatchCore,carpet,123,rescue,motion_blur,moderate,Wiener (Motion PSF),0.4343900382518768
PatchCore,carpet,123,degradation,sensor_noise,mild,none,0.9803370237350464
PatchCore,carpet,123,rescue,sensor_noise,mild,NLM Denoise,0.9454253911972046
PatchCore,carpet,123,degradation,sensor_noise,moderate,none,0.9562600255012512
PatchCore,carpet,123,rescue,sensor_noise,moderate,NLM Denoise,0.8386837840080261
PatchCore,carpet,123,degradation,fog_haze,mild,none,0.9048956632614136
PatchCore,carpet,123,rescue,fog_haze,mild,Dehaze (Dark Channel),0.9129213690757751
PatchCore,carpet,123,degradation,fog_haze,moderate,none,0.574638843536377
PatchCore,carpet,123,rescue,fog_haze,moderate,Dehaze (Dark Channel),0.6787720918655396
PatchCore,carpet,456,degradation,low_light,mild,none,0.985954999923706
PatchCore,carpet,456,rescue,low_light,mild,CLAHE,0.9891653060913086
PatchCore,carpet,456,rescue,low_light,mild,Retinex,0.957062602043152
PatchCore,carpet,456,degradation,low_light,moderate,none,0.965890884399414
PatchCore,carpet,456,rescue,low_light,moderate,CLAHE,0.97873193025589
PatchCore,carpet,456,rescue,low_light,moderate,Retinex,0.9819421768188475
PatchCore,carpet,456,degradation,gaussian_blur,mild,none,0.9915730357170104
PatchCore,carpet,456,rescue,gaussian_blur,mild,Wiener,0.5
PatchCore,carpet,456,degradation,gaussian_blur,moderate,none,0.6717495918273926
PatchCore,carpet,456,rescue,gaussian_blur,moderate,Wiener,0.5
PatchCore,carpet,456,degradation,motion_blur,mild,none,0.9215489029884338
PatchCore,carpet,456,rescue,motion_blur,mild,Wiener (Motion PSF),0.4530497789382934
PatchCore,carpet,456,degradation,motion_blur,moderate,none,0.8198234438896179
PatchCore,carpet,456,rescue,motion_blur,moderate,Wiener (Motion PSF),0.4380016326904297
PatchCore,carpet,456,degradation,sensor_noise,mild,none,0.976324200630188
PatchCore,carpet,456,rescue,sensor_noise,mild,NLM Denoise,0.9402086734771729
PatchCore,carpet,456,degradation,sensor_noise,moderate,none,0.954253613948822
PatchCore,carpet,456,rescue,sensor_noise,moderate,NLM Denoise,0.8314606547355652
PatchCore,carpet,456,degradation,fog_haze,mild,none,0.9004815816879272
PatchCore,carpet,456,rescue,fog_haze,mild,Dehaze (Dark Channel),0.8992776870727539
PatchCore,carpet,456,degradation,fog_haze,moderate,none,0.5284911394119263
PatchCore,carpet,456,rescue,fog_haze,moderate,Dehaze (Dark Channel),0.6569020748138428
PatchCore,grid,42,degradation,low_light,mild,none,0.9657477140426636
PatchCore,grid,42,rescue,low_light,mild,CLAHE,0.953216314315796
PatchCore,grid,42,rescue,low_light,mild,Retinex,0.9482038617134094
PatchCore,grid,42,degradation,low_light,moderate,none,0.9047619104385376
PatchCore,grid,42,rescue,low_light,moderate,CLAHE,0.9164577722549438
PatchCore,grid,42,rescue,low_light,moderate,Retinex,0.9523809552192688
PatchCore,grid,42,degradation,gaussian_blur,mild,none,0.9110275506973268
PatchCore,grid,42,rescue,gaussian_blur,mild,Wiener,0.5
PatchCore,grid,42,degradation,gaussian_blur,moderate,none,0.5
PatchCore,grid,42,rescue,gaussian_blur,moderate,Wiener,0.5
PatchCore,grid,42,degradation,motion_blur,mild,none,0.5973266363143921
PatchCore,grid,42,rescue,motion_blur,mild,Wiener (Motion PSF),0.5
PatchCore,grid,42,degradation,motion_blur,moderate,none,0.5
PatchCore,grid,42,rescue,motion_blur,moderate,Wiener (Motion PSF),0.5
PatchCore,grid,42,degradation,sensor_noise,mild,none,0.7280701994895935
PatchCore,grid,42,rescue,sensor_noise,mild,NLM Denoise,0.579365074634552
PatchCore,grid,42,degradation,sensor_noise,moderate,none,0.4736842215061188
PatchCore,grid,42,rescue,sensor_noise,moderate,NLM Denoise,0.5
PatchCore,grid,42,degradation,fog_haze,mild,none,0.7664995789527893
PatchCore,grid,42,rescue,fog_haze,mild,Dehaze (Dark Channel),0.6449457406997681
PatchCore,grid,42,degradation,fog_haze,moderate,none,0.5421887636184692
PatchCore,grid,42,rescue,fog_haze,moderate,Dehaze (Dark Channel),0.4958229064941406
PatchCore,grid,123,degradation,low_light,mild,none,0.9640769362449646
PatchCore,grid,123,rescue,low_light,mild,CLAHE,0.9582289457321168
PatchCore,grid,123,rescue,low_light,mild,Retinex,0.945697546005249
PatchCore,grid,123,degradation,low_light,moderate,none,0.8989139795303345
PatchCore,grid,123,rescue,low_light,moderate,CLAHE,0.9156224131584167
PatchCore,grid,123,rescue,low_light,moderate,Retinex,0.9431913495063782
PatchCore,grid,123,degradation,gaussian_blur,mild,none,0.9097744226455688
PatchCore,grid,123,rescue,gaussian_blur,mild,Wiener,0.5
PatchCore,grid,123,degradation,gaussian_blur,moderate,none,0.5
PatchCore,grid,123,rescue,gaussian_blur,moderate,Wiener,0.5
PatchCore,grid,123,degradation,motion_blur,mild,none,0.5760233998298645
PatchCore,grid,123,rescue,motion_blur,mild,Wiener (Motion PSF),0.5
PatchCore,grid,123,degradation,motion_blur,moderate,none,0.5
PatchCore,grid,123,rescue,motion_blur,moderate,Wiener (Motion PSF),0.5
PatchCore,grid,123,degradation,sensor_noise,mild,none,0.7284879088401794
PatchCore,grid,123,rescue,sensor_noise,mild,NLM Denoise,0.5881370306015015
PatchCore,grid,123,degradation,sensor_noise,moderate,none,0.4824561476707458
PatchCore,grid,123,rescue,sensor_noise,moderate,NLM Denoise,0.5
PatchCore,grid,123,degradation,fog_haze,mild,none,0.7552213668823242
PatchCore,grid,123,rescue,fog_haze,mild,Dehaze (Dark Channel),0.6198830604553223
PatchCore,grid,123,degradation,fog_haze,moderate,none,0.5104427337646484
PatchCore,grid,123,rescue,fog_haze,moderate,Dehaze (Dark Channel),0.5062656402587891
PatchCore,grid,456,degradation,low_light,mild,none,0.958228886127472
PatchCore,grid,456,rescue,low_light,mild,CLAHE,0.9607351422309875
PatchCore,grid,456,rescue,low_light,mild,Retinex,0.9498746991157532
PatchCore,grid,456,degradation,low_light,moderate,none,0.915622353553772
PatchCore,grid,456,rescue,low_light,moderate,CLAHE,0.920634925365448
PatchCore,grid,456,rescue,low_light,moderate,Retinex,0.956558108329773
PatchCore,grid,456,degradation,gaussian_blur,mild,none,0.9223057627677916
PatchCore,grid,456,rescue,gaussian_blur,mild,Wiener,0.5
PatchCore,grid,456,degradation,gaussian_blur,moderate,none,0.5
PatchCore,grid,456,rescue,gaussian_blur,moderate,Wiener,0.5
PatchCore,grid,456,degradation,motion_blur,mild,none,0.6081871390342712
PatchCore,grid,456,rescue,motion_blur,mild,Wiener (Motion PSF),0.5
PatchCore,grid,456,degradation,motion_blur,moderate,none,0.5
PatchCore,grid,456,rescue,motion_blur,moderate,Wiener (Motion PSF),0.5
PatchCore,grid,456,degradation,sensor_noise,mild,none,0.6942355632781982
PatchCore,grid,456,rescue,sensor_noise,mild,NLM Denoise,0.6365914940834045
PatchCore,grid,456,degradation,sensor_noise,moderate,none,0.4799498319625854
PatchCore,grid,456,rescue,sensor_noise,moderate,NLM Denoise,0.523809552192688
PatchCore,grid,456,degradation,fog_haze,mild,none,0.7309941053390503
PatchCore,grid,456,rescue,fog_haze,mild,Dehaze (Dark Channel),0.6474519968032837
PatchCore,grid,456,degradation,fog_haze,moderate,none,0.4937343001365661
PatchCore,grid,456,rescue,fog_haze,moderate,Dehaze (Dark Channel),0.5213032364845276
PatchCore,hazelnut,42,degradation,low_light,mild,none,1.0
PatchCore,hazelnut,42,rescue,low_light,mild,CLAHE,1.0
PatchCore,hazelnut,42,rescue,low_light,mild,Retinex,0.9992856979370116
PatchCore,hazelnut,42,degradation,low_light,moderate,none,1.0
PatchCore,hazelnut,42,rescue,low_light,moderate,CLAHE,0.9975000023841858
PatchCore,hazelnut,42,rescue,low_light,moderate,Retinex,1.0
PatchCore,hazelnut,42,degradation,gaussian_blur,mild,none,0.9992856979370116
PatchCore,hazelnut,42,rescue,gaussian_blur,mild,Wiener,0.5
PatchCore,hazelnut,42,degradation,gaussian_blur,moderate,none,0.878928542137146
PatchCore,hazelnut,42,rescue,gaussian_blur,moderate,Wiener,0.5
PatchCore,hazelnut,42,degradation,motion_blur,mild,none,0.9803571701049804
PatchCore,hazelnut,42,rescue,motion_blur,mild,Wiener (Motion PSF),0.6924999952316284
PatchCore,hazelnut,42,degradation,motion_blur,moderate,none,0.8782142400741577
PatchCore,hazelnut,42,rescue,motion_blur,moderate,Wiener (Motion PSF),0.637499988079071
PatchCore,hazelnut,42,degradation,sensor_noise,mild,none,0.991428554058075
PatchCore,hazelnut,42,rescue,sensor_noise,mild,NLM Denoise,0.9671427607536316
PatchCore,hazelnut,42,degradation,sensor_noise,moderate,none,0.966785728931427
PatchCore,hazelnut,42,rescue,sensor_noise,moderate,NLM Denoise,0.9257142543792723
PatchCore,hazelnut,42,degradation,fog_haze,mild,none,0.9446428418159484
PatchCore,hazelnut,42,rescue,fog_haze,mild,Dehaze (Dark Channel),0.889285683631897
PatchCore,hazelnut,42,degradation,fog_haze,moderate,none,0.6203571557998657
PatchCore,hazelnut,42,rescue,fog_haze,moderate,Dehaze (Dark Channel),0.596428632736206
PatchCore,hazelnut,123,degradation,low_light,mild,none,1.0
PatchCore,hazelnut,123,rescue,low_light,mild,CLAHE,0.999642848968506
PatchCore,hazelnut,123,rescue,low_light,mild,Retinex,0.999642848968506
PatchCore,hazelnut,123,degradation,low_light,moderate,none,1.0
PatchCore,hazelnut,123,rescue,low_light,moderate,CLAHE,0.99571430683136
PatchCore,hazelnut,123,rescue,low_light,moderate,Retinex,1.0
PatchCore,hazelnut,123,degradation,gaussian_blur,mild,none,0.9985713958740234
PatchCore,hazelnut,123,rescue,gaussian_blur,mild,Wiener,0.5
PatchCore,hazelnut,123,degradation,gaussian_blur,moderate,none,0.8828571438789368
PatchCore,hazelnut,123,rescue,gaussian_blur,moderate,Wiener,0.5
PatchCore,hazelnut,123,degradation,motion_blur,mild,none,0.98285710811615
PatchCore,hazelnut,123,rescue,motion_blur,mild,Wiener (Motion PSF),0.6857143044471741
PatchCore,hazelnut,123,degradation,motion_blur,moderate,none,0.8725000023841858
PatchCore,hazelnut,123,rescue,motion_blur,moderate,Wiener (Motion PSF),0.6528570652008057
PatchCore,hazelnut,123,degradation,sensor_noise,mild,none,0.9925000071525574
PatchCore,hazelnut,123,rescue,sensor_noise,mild,NLM Denoise,0.9674999713897704
PatchCore,hazelnut,123,degradation,sensor_noise,moderate,none,0.9689285755157472
PatchCore,hazelnut,123,rescue,sensor_noise,moderate,NLM Denoise,0.9292857050895692
PatchCore,hazelnut,123,degradation,fog_haze,mild,none,0.9542856216430664
PatchCore,hazelnut,123,rescue,fog_haze,mild,Dehaze (Dark Channel),0.9360713958740234
PatchCore,hazelnut,123,degradation,fog_haze,moderate,none,0.6589285135269165
PatchCore,hazelnut,123,rescue,fog_haze,moderate,Dehaze (Dark Channel),0.6182142496109009
PatchCore,hazelnut,456,degradation,low_light,mild,none,1.0
PatchCore,hazelnut,456,rescue,low_light,mild,CLAHE,1.0
PatchCore,hazelnut,456,rescue,low_light,mild,Retinex,0.9989285469055176
PatchCore,hazelnut,456,degradation,low_light,moderate,none,1.0
PatchCore,hazelnut,456,rescue,low_light,moderate,CLAHE,0.996071457862854
PatchCore,hazelnut,456,rescue,low_light,moderate,Retinex,1.0
PatchCore,hazelnut,456,degradation,gaussian_blur,mild,none,0.9992856979370116
PatchCore,hazelnut,456,rescue,gaussian_blur,mild,Wiener,0.5
PatchCore,hazelnut,456,degradation,gaussian_blur,moderate,none,0.8764285445213318
PatchCore,hazelnut,456,rescue,gaussian_blur,moderate,Wiener,0.5
PatchCore,hazelnut,456,degradation,motion_blur,mild,none,0.9842857122421264
PatchCore,hazelnut,456,rescue,motion_blur,mild,Wiener (Motion PSF),0.677142858505249
PatchCore,hazelnut,456,degradation,motion_blur,moderate,none,0.8774999976158142
PatchCore,hazelnut,456,rescue,motion_blur,moderate,Wiener (Motion PSF),0.6557142734527588
PatchCore,hazelnut,456,degradation,sensor_noise,mild,none,0.9900000095367432
PatchCore,hazelnut,456,rescue,sensor_noise,mild,NLM Denoise,0.9692857265472412
PatchCore,hazelnut,456,degradation,sensor_noise,moderate,none,0.9671428203582764
PatchCore,hazelnut,456,rescue,sensor_noise,moderate,NLM Denoise,0.9278571605682372
PatchCore,hazelnut,456,degradation,fog_haze,mild,none,0.9567856788635254
PatchCore,hazelnut,456,rescue,fog_haze,mild,Dehaze (Dark Channel),0.895714282989502
PatchCore,hazelnut,456,degradation,fog_haze,moderate,none,0.6226785778999329
PatchCore,hazelnut,456,rescue,fog_haze,moderate,Dehaze (Dark Channel),0.6360714435577393
PatchCore,leather,42,degradation,low_light,mild,none,0.975203812122345
PatchCore,leather,42,rescue,low_light,mild,CLAHE,0.97588312625885
PatchCore,leather,42,rescue,low_light,mild,Retinex,1.0
PatchCore,leather,42,degradation,low_light,moderate,none,0.93308424949646
PatchCore,leather,42,rescue,low_light,moderate,CLAHE,0.94599187374115
PatchCore,leather,42,rescue,low_light,moderate,Retinex,1.0
PatchCore,leather,42,degradation,gaussian_blur,mild,none,1.0
PatchCore,leather,42,rescue,gaussian_blur,mild,Wiener,0.5
PatchCore,leather,42,degradation,gaussian_blur,moderate,none,1.0
PatchCore,leather,42,rescue,gaussian_blur,moderate,Wiener,0.5
PatchCore,leather,42,degradation,motion_blur,mild,none,1.0
PatchCore,leather,42,rescue,motion_blur,mild,Wiener (Motion PSF),0.8851901888847351
PatchCore,leather,42,degradation,motion_blur,moderate,none,0.9904891848564148
PatchCore,leather,42,rescue,motion_blur,moderate,Wiener (Motion PSF),0.838994562625885
PatchCore,leather,42,degradation,sensor_noise,mild,none,0.9921875
PatchCore,leather,42,rescue,sensor_noise,mild,NLM Denoise,0.99626362323761
PatchCore,leather,42,degradation,sensor_noise,moderate,none,0.9398776888847352
PatchCore,leather,42,rescue,sensor_noise,moderate,NLM Denoise,0.953125
PatchCore,leather,42,degradation,fog_haze,mild,none,0.92561137676239
PatchCore,leather,42,rescue,fog_haze,mild,Dehaze (Dark Channel),0.7904212474822998
PatchCore,leather,42,degradation,fog_haze,moderate,none,0.723505437374115
PatchCore,leather,42,rescue,fog_haze,moderate,Dehaze (Dark Channel),0.47537362575531
PatchCore,leather,123,degradation,low_light,mild,none,0.9748641848564148
PatchCore,leather,123,rescue,low_light,mild,CLAHE,0.97486412525177
PatchCore,leather,123,rescue,low_light,mild,Retinex,1.0
PatchCore,leather,123,degradation,low_light,moderate,none,0.9381793141365052
PatchCore,leather,123,rescue,low_light,moderate,CLAHE,0.9510869383811952
PatchCore,leather,123,rescue,low_light,moderate,Retinex,1.0
PatchCore,leather,123,degradation,gaussian_blur,mild,none,1.0
PatchCore,leather,123,rescue,gaussian_blur,mild,Wiener,0.5
PatchCore,leather,123,degradation,gaussian_blur,moderate,none,1.0
PatchCore,leather,123,rescue,gaussian_blur,moderate,Wiener,0.5
PatchCore,leather,123,degradation,motion_blur,mild,none,1.0
PatchCore,leather,123,rescue,motion_blur,mild,Wiener (Motion PSF),0.8851901888847351
PatchCore,leather,123,degradation,motion_blur,moderate,none,0.9874321222305298
PatchCore,leather,123,rescue,motion_blur,moderate,Wiener (Motion PSF),0.8413722515106201
PatchCore,leather,123,degradation,sensor_noise,mild,none,0.9925272464752196
PatchCore,leather,123,rescue,sensor_noise,mild,NLM Denoise,0.9925272464752196
PatchCore,leather,123,degradation,sensor_noise,moderate,none,0.93240487575531
PatchCore,leather,123,rescue,sensor_noise,moderate,NLM Denoise,0.95380437374115
PatchCore,leather,123,degradation,fog_haze,mild,none,0.9419158101081848
PatchCore,leather,123,rescue,fog_haze,mild,Dehaze (Dark Channel),0.8366168737411499
PatchCore,leather,123,degradation,fog_haze,moderate,none,0.6302649974822998
PatchCore,leather,123,rescue,fog_haze,moderate,Dehaze (Dark Channel),0.6239809989929199
PatchCore,leather,456,degradation,low_light,mild,none,0.9796195030212402
PatchCore,leather,456,rescue,low_light,mild,CLAHE,0.9752037525177002
PatchCore,leather,456,rescue,low_light,mild,Retinex,1.0
PatchCore,leather,456,degradation,low_light,moderate,none,0.929347813129425
PatchCore,leather,456,rescue,low_light,moderate,CLAHE,0.9510869979858398
PatchCore,leather,456,rescue,low_light,moderate,Retinex,1.0
PatchCore,leather,456,degradation,gaussian_blur,mild,none,1.0
PatchCore,leather,456,rescue,gaussian_blur,mild,Wiener,0.5
PatchCore,leather,456,degradation,gaussian_blur,moderate,none,1.0
PatchCore,leather,456,rescue,gaussian_blur,moderate,Wiener,0.5
PatchCore,leather,456,degradation,motion_blur,mild,none,1.0
PatchCore,leather,456,rescue,motion_blur,mild,Wiener (Motion PSF),0.8899456262588501
PatchCore,leather,456,degradation,motion_blur,moderate,none,0.99116849899292
PatchCore,leather,456,rescue,motion_blur,moderate,Wiener (Motion PSF),0.8468071222305298
PatchCore,leather,456,degradation,sensor_noise,mild,none,0.9918478727340698
PatchCore,leather,456,rescue,sensor_noise,mild,NLM Denoise,0.99490487575531
PatchCore,leather,456,degradation,sensor_noise,moderate,none,0.9310462474822998
PatchCore,leather,456,rescue,sensor_noise,moderate,NLM Denoise,0.95754075050354
PatchCore,leather,456,degradation,fog_haze,mild,none,0.904891312122345
PatchCore,leather,456,rescue,fog_haze,mild,Dehaze (Dark Channel),0.7841372489929199
PatchCore,leather,456,degradation,fog_haze,moderate,none,0.6426630616188049
PatchCore,leather,456,rescue,fog_haze,moderate,Dehaze (Dark Channel),0.5400815010070801
PatchCore,metal_nut,42,degradation,low_light,mild,none,0.9868035316467284
PatchCore,metal_nut,42,rescue,low_light,mild,CLAHE,0.9824047088623048
PatchCore,metal_nut,42,rescue,low_light,mild,Retinex,0.80840665102005
PatchCore,metal_nut,42,degradation,low_light,moderate,none,0.9545454978942872
PatchCore,metal_nut,42,rescue,low_light,moderate,CLAHE,0.9701857566833496
PatchCore,metal_nut,42,rescue,low_light,moderate,Retinex,0.5843108296394348
PatchCore,metal_nut,42,degradation,gaussian_blur,mild,none,0.952101707458496
PatchCore,metal_nut,42,rescue,gaussian_blur,mild,Wiener,0.5
PatchCore,metal_nut,42,degradation,gaussian_blur,moderate,none,0.5
PatchCore,metal_nut,42,rescue,gaussian_blur,moderate,Wiener,0.5
PatchCore,metal_nut,42,degradation,motion_blur,mild,none,0.8484848737716675
PatchCore,metal_nut,42,rescue,motion_blur,mild,Wiener (Motion PSF),0.5
PatchCore,metal_nut,42,degradation,motion_blur,moderate,none,0.5
PatchCore,metal_nut,42,rescue,motion_blur,moderate,Wiener (Motion PSF),0.5
PatchCore,metal_nut,42,degradation,sensor_noise,mild,none,0.9384164810180664
PatchCore,metal_nut,42,rescue,sensor_noise,mild,NLM Denoise,0.8167155981063843
PatchCore,metal_nut,42,degradation,sensor_noise,moderate,none,0.8367546200752258
PatchCore,metal_nut,42,rescue,sensor_noise,moderate,NLM Denoise,0.7473118305206299
PatchCore,metal_nut,42,degradation,fog_haze,mild,none,0.6840176582336426
PatchCore,metal_nut,42,rescue,fog_haze,mild,Dehaze (Dark Channel),0.6212121248245239
PatchCore,metal_nut,42,degradation,fog_haze,moderate,none,0.5
PatchCore,metal_nut,42,rescue,fog_haze,moderate,Dehaze (Dark Channel),0.5
PatchCore,metal_nut,123,degradation,low_light,mild,none,0.988269865512848
PatchCore,metal_nut,123,rescue,low_light,mild,CLAHE,0.985337257385254
PatchCore,metal_nut,123,rescue,low_light,mild,Retinex,0.8216031789779663
PatchCore,metal_nut,123,degradation,low_light,moderate,none,0.9589442610740662
PatchCore,metal_nut,123,rescue,low_light,moderate,CLAHE,0.9677419066429138
PatchCore,metal_nut,123,rescue,low_light,moderate,Retinex,0.5322580933570862
PatchCore,metal_nut,123,degradation,gaussian_blur,mild,none,0.9545454978942872
PatchCore,metal_nut,123,rescue,gaussian_blur,mild,Wiener,0.5
PatchCore,metal_nut,123,degradation,gaussian_blur,moderate,none,0.5
PatchCore,metal_nut,123,rescue,gaussian_blur,moderate,Wiener,0.5
PatchCore,metal_nut,123,degradation,motion_blur,mild,none,0.8435972929000854
PatchCore,metal_nut,123,rescue,motion_blur,mild,Wiener (Motion PSF),0.5
PatchCore,metal_nut,123,degradation,motion_blur,moderate,none,0.5
PatchCore,metal_nut,123,rescue,motion_blur,moderate,Wiener (Motion PSF),0.5
PatchCore,metal_nut,123,degradation,sensor_noise,mild,none,0.9359726309776306
PatchCore,metal_nut,123,rescue,sensor_noise,mild,NLM Denoise,0.8225806951522827
PatchCore,metal_nut,123,degradation,sensor_noise,moderate,none,0.842619776725769
PatchCore,metal_nut,123,rescue,sensor_noise,moderate,NLM Denoise,0.740469217300415
PatchCore,metal_nut,123,degradation,fog_haze,mild,none,0.5811339616775513
PatchCore,metal_nut,123,rescue,fog_haze,mild,Dehaze (Dark Channel),0.5576735138893127
PatchCore,metal_nut,123,degradation,fog_haze,moderate,none,0.5
PatchCore,metal_nut,123,rescue,fog_haze,moderate,Dehaze (Dark Channel),0.5
PatchCore,metal_nut,456,degradation,low_light,mild,none,0.9892473220825196
PatchCore,metal_nut,456,rescue,low_light,mild,CLAHE,0.9843597412109376
PatchCore,metal_nut,456,rescue,low_light,mild,Retinex,0.8235581517219543
PatchCore,metal_nut,456,degradation,low_light,moderate,none,0.9560117721557616
PatchCore,metal_nut,456,rescue,low_light,moderate,CLAHE,0.9677419066429138
PatchCore,metal_nut,456,rescue,low_light,moderate,Retinex,0.6830400228500366
PatchCore,metal_nut,456,degradation,gaussian_blur,mild,none,0.9525904655456544
PatchCore,metal_nut,456,rescue,gaussian_blur,mild,Wiener,0.5
PatchCore,metal_nut,456,degradation,gaussian_blur,moderate,none,0.5
PatchCore,metal_nut,456,rescue,gaussian_blur,moderate,Wiener,0.5
PatchCore,metal_nut,456,degradation,motion_blur,mild,none,0.8555718064308167
PatchCore,metal_nut,456,rescue,motion_blur,mild,Wiener (Motion PSF),0.5
PatchCore,metal_nut,456,degradation,motion_blur,moderate,none,0.5
PatchCore,metal_nut,456,rescue,motion_blur,moderate,Wiener (Motion PSF),0.5
PatchCore,metal_nut,456,degradation,sensor_noise,mild,none,0.929129958152771
PatchCore,metal_nut,456,rescue,sensor_noise,mild,NLM Denoise,0.8347996473312378
PatchCore,metal_nut,456,degradation,sensor_noise,moderate,none,0.8123167157173157
PatchCore,metal_nut,456,rescue,sensor_noise,moderate,NLM Denoise,0.7922776341438293
PatchCore,metal_nut,456,degradation,fog_haze,mild,none,0.6661779284477234
PatchCore,metal_nut,456,rescue,fog_haze,mild,Dehaze (Dark Channel),0.5466764569282532
PatchCore,metal_nut,456,degradation,fog_haze,moderate,none,0.5
PatchCore,metal_nut,456,rescue,fog_haze,moderate,Dehaze (Dark Channel),0.5
PatchCore,pill,42,degradation,low_light,mild,none,0.8232405781745911
PatchCore,pill,42,rescue,low_light,mild,CLAHE,0.8158755898475647
PatchCore,pill,42,rescue,low_light,mild,Retinex,0.5
PatchCore,pill,42,degradation,low_light,moderate,none,0.6576650142669678
PatchCore,pill,42,rescue,low_light,moderate,CLAHE,0.7839607000350952
PatchCore,pill,42,rescue,low_light,moderate,Retinex,0.5
PatchCore,pill,42,degradation,gaussian_blur,mild,none,0.8840698003768921
PatchCore,pill,42,rescue,gaussian_blur,mild,Wiener,0.5
PatchCore,pill,42,degradation,gaussian_blur,moderate,none,0.4964539110660553
PatchCore,pill,42,rescue,gaussian_blur,moderate,Wiener,0.5
PatchCore,pill,42,degradation,motion_blur,mild,none,0.6282051205635071
PatchCore,pill,42,rescue,motion_blur,mild,Wiener (Motion PSF),0.5
PatchCore,pill,42,degradation,motion_blur,moderate,none,0.5
PatchCore,pill,42,rescue,motion_blur,moderate,Wiener (Motion PSF),0.5
PatchCore,pill,42,degradation,sensor_noise,mild,none,0.6257501244544983
PatchCore,pill,42,rescue,sensor_noise,mild,NLM Denoise,0.6007910370826721
PatchCore,pill,42,degradation,sensor_noise,moderate,none,0.5204582214355469
PatchCore,pill,42,rescue,sensor_noise,moderate,NLM Denoise,0.5889252424240112
PatchCore,pill,42,degradation,fog_haze,mild,none,0.4474904537200928
PatchCore,pill,42,rescue,fog_haze,mild,Dehaze (Dark Channel),0.5
PatchCore,pill,42,degradation,fog_haze,moderate,none,0.5
PatchCore,pill,42,rescue,fog_haze,moderate,Dehaze (Dark Channel),0.5
PatchCore,pill,123,degradation,low_light,mild,none,0.8330605030059814
PatchCore,pill,123,rescue,low_light,mild,CLAHE,0.8112384080886841
PatchCore,pill,123,rescue,low_light,mild,Retinex,0.5
PatchCore,pill,123,degradation,low_light,moderate,none,0.6451172828674316
PatchCore,pill,123,rescue,low_light,moderate,CLAHE,0.7689579725265503
PatchCore,pill,123,rescue,low_light,moderate,Retinex,0.5
PatchCore,pill,123,degradation,gaussian_blur,mild,none,0.8747954368591309
PatchCore,pill,123,rescue,gaussian_blur,mild,Wiener,0.5
PatchCore,pill,123,degradation,gaussian_blur,moderate,none,0.4929077923297882
PatchCore,pill,123,rescue,gaussian_blur,moderate,Wiener,0.5
PatchCore,pill,123,degradation,motion_blur,mild,none,0.6257501244544983
PatchCore,pill,123,rescue,motion_blur,mild,Wiener (Motion PSF),0.5
PatchCore,pill,123,degradation,motion_blur,moderate,none,0.5
PatchCore,pill,123,rescue,motion_blur,moderate,Wiener (Motion PSF),0.5
PatchCore,pill,123,degradation,sensor_noise,mild,none,0.6224768161773682
PatchCore,pill,123,rescue,sensor_noise,mild,NLM Denoise,0.5774686336517334
PatchCore,pill,123,degradation,sensor_noise,moderate,none,0.5055919289588928
PatchCore,pill,123,rescue,sensor_noise,moderate,NLM Denoise,0.6028368473052979
PatchCore,pill,123,degradation,fog_haze,mild,none,0.5480087399482727
PatchCore,pill,123,rescue,fog_haze,mild,Dehaze (Dark Channel),0.5
PatchCore,pill,123,degradation,fog_haze,moderate,none,0.5
PatchCore,pill,123,rescue,fog_haze,moderate,Dehaze (Dark Channel),0.5
PatchCore,pill,456,degradation,low_light,mild,none,0.8281505107879639
PatchCore,pill,456,rescue,low_light,mild,CLAHE,0.8060556650161743
PatchCore,pill,456,rescue,low_light,mild,Retinex,0.5
PatchCore,pill,456,degradation,low_light,moderate,none,0.6565738916397095
PatchCore,pill,456,rescue,low_light,moderate,CLAHE,0.7482269406318665
PatchCore,pill,456,rescue,low_light,moderate,Retinex,0.5
PatchCore,pill,456,degradation,gaussian_blur,mild,none,0.871522068977356
PatchCore,pill,456,rescue,gaussian_blur,mild,Wiener,0.5
PatchCore,pill,456,degradation,gaussian_blur,moderate,none,0.5
PatchCore,pill,456,rescue,gaussian_blur,moderate,Wiener,0.5
PatchCore,pill,456,degradation,motion_blur,mild,none,0.6050190925598145
PatchCore,pill,456,rescue,motion_blur,mild,Wiener (Motion PSF),0.5
PatchCore,pill,456,degradation,motion_blur,moderate,none,0.5
PatchCore,pill,456,rescue,motion_blur,moderate,Wiener (Motion PSF),0.5
PatchCore,pill,456,degradation,sensor_noise,mild,none,0.6288871169090271
PatchCore,pill,456,rescue,sensor_noise,mild,NLM Denoise,0.5983360409736633
PatchCore,pill,456,degradation,sensor_noise,moderate,none,0.4929077923297882
PatchCore,pill,456,rescue,sensor_noise,moderate,NLM Denoise,0.5750136375427246
PatchCore,pill,456,degradation,fog_haze,mild,none,0.4915438890457153
PatchCore,pill,456,rescue,fog_haze,mild,Dehaze (Dark Channel),0.5
PatchCore,pill,456,degradation,fog_haze,moderate,none,0.5
PatchCore,pill,456,rescue,fog_haze,moderate,Dehaze (Dark Channel),0.5
PatchCore,screw,42,degradation,low_light,mild,none,0.939946711063385
PatchCore,screw,42,rescue,low_light,mild,CLAHE,0.5808566808700562
PatchCore,screw,42,rescue,low_light,mild,Retinex,0.5
PatchCore,screw,42,degradation,low_light,moderate,none,0.904693603515625
PatchCore,screw,42,rescue,low_light,moderate,CLAHE,0.7435950040817261
PatchCore,screw,42,rescue,low_light,moderate,Retinex,0.5
PatchCore,screw,42,degradation,gaussian_blur,mild,none,0.5
PatchCore,screw,42,rescue,gaussian_blur,mild,Wiener,0.5
PatchCore,screw,42,degradation,gaussian_blur,moderate,none,0.5
PatchCore,screw,42,rescue,gaussian_blur,moderate,Wiener,0.5
PatchCore,screw,42,degradation,motion_blur,mild,none,0.5
PatchCore,screw,42,rescue,motion_blur,mild,Wiener (Motion PSF),0.5
PatchCore,screw,42,degradation,motion_blur,moderate,none,0.5
PatchCore,screw,42,rescue,motion_blur,moderate,Wiener (Motion PSF),0.5
PatchCore,screw,42,degradation,sensor_noise,mild,none,0.5
PatchCore,screw,42,rescue,sensor_noise,mild,NLM Denoise,0.5
PatchCore,screw,42,degradation,sensor_noise,moderate,none,0.5
PatchCore,screw,42,rescue,sensor_noise,moderate,NLM Denoise,0.5
PatchCore,screw,42,degradation,fog_haze,mild,none,0.5
PatchCore,screw,42,rescue,fog_haze,mild,Dehaze (Dark Channel),0.5
PatchCore,screw,42,degradation,fog_haze,moderate,none,0.5
PatchCore,screw,42,rescue,fog_haze,moderate,Dehaze (Dark Channel),0.5
PatchCore,screw,123,degradation,low_light,mild,none,0.935232639312744
PatchCore,screw,123,rescue,low_light,mild,CLAHE,0.6629432439804077
PatchCore,screw,123,rescue,low_light,mild,Retinex,0.5
PatchCore,screw,123,degradation,low_light,moderate,none,0.8964952230453491
PatchCore,screw,123,rescue,low_light,moderate,CLAHE,0.7787456512451172
PatchCore,screw,123,rescue,low_light,moderate,Retinex,0.5
PatchCore,screw,123,degradation,gaussian_blur,mild,none,0.5
PatchCore,screw,123,rescue,gaussian_blur,mild,Wiener,0.5
PatchCore,screw,123,degradation,gaussian_blur,moderate,none,0.5
PatchCore,screw,123,rescue,gaussian_blur,moderate,Wiener,0.5
PatchCore,screw,123,degradation,motion_blur,mild,none,0.5
PatchCore,screw,123,rescue,motion_blur,mild,Wiener (Motion PSF),0.5
PatchCore,screw,123,degradation,motion_blur,moderate,none,0.5
PatchCore,screw,123,rescue,motion_blur,moderate,Wiener (Motion PSF),0.5
PatchCore,screw,123,degradation,sensor_noise,mild,none,0.5
PatchCore,screw,123,rescue,sensor_noise,mild,NLM Denoise,0.5
PatchCore,screw,123,degradation,sensor_noise,moderate,none,0.5
PatchCore,screw,123,rescue,sensor_noise,moderate,NLM Denoise,0.5
PatchCore,screw,123,degradation,fog_haze,mild,none,0.5
PatchCore,screw,123,rescue,fog_haze,mild,Dehaze (Dark Channel),0.5
PatchCore,screw,123,degradation,fog_haze,moderate,none,0.5
PatchCore,screw,123,rescue,fog_haze,moderate,Dehaze (Dark Channel),0.5
PatchCore,screw,456,degradation,low_light,mild,none,0.9399466514587402
PatchCore,screw,456,rescue,low_light,mild,CLAHE,0.7301701307296753
PatchCore,screw,456,rescue,low_light,mild,Retinex,0.5
PatchCore,screw,456,degradation,low_light,moderate,none,0.8985447883605957
PatchCore,screw,456,rescue,low_light,moderate,CLAHE,0.770649790763855
PatchCore,screw,456,rescue,low_light,moderate,Retinex,0.5
PatchCore,screw,456,degradation,gaussian_blur,mild,none,0.5
PatchCore,screw,456,rescue,gaussian_blur,mild,Wiener,0.5
PatchCore,screw,456,degradation,gaussian_blur,moderate,none,0.5
PatchCore,screw,456,rescue,gaussian_blur,moderate,Wiener,0.5
PatchCore,screw,456,degradation,motion_blur,mild,none,0.5
PatchCore,screw,456,rescue,motion_blur,mild,Wiener (Motion PSF),0.5
PatchCore,screw,456,degradation,motion_blur,moderate,none,0.5
PatchCore,screw,456,rescue,motion_blur,moderate,Wiener (Motion PSF),0.5
PatchCore,screw,456,degradation,sensor_noise,mild,none,0.5
PatchCore,screw,456,rescue,sensor_noise,mild,NLM Denoise,0.5
PatchCore,screw,456,degradation,sensor_noise,moderate,none,0.5
PatchCore,screw,456,rescue,sensor_noise,moderate,NLM Denoise,0.5
PatchCore,screw,456,degradation,fog_haze,mild,none,0.5
PatchCore,screw,456,rescue,fog_haze,mild,Dehaze (Dark Channel),0.5
PatchCore,screw,456,degradation,fog_haze,moderate,none,0.5
PatchCore,screw,456,rescue,fog_haze,moderate,Dehaze (Dark Channel),0.5
PatchCore,tile,42,degradation,low_light,mild,none,0.9992784261703492
PatchCore,tile,42,rescue,low_light,mild,CLAHE,0.9963924884796144
PatchCore,tile,42,rescue,low_light,mild,Retinex,0.9772727489471436
PatchCore,tile,42,degradation,low_light,moderate,none,0.9967532157897948
PatchCore,tile,42,rescue,low_light,moderate,CLAHE,0.998917818069458
PatchCore,tile,42,rescue,low_light,moderate,Retinex,0.9776334762573242
PatchCore,tile,42,degradation,gaussian_blur,mild,none,0.9859307408332824
PatchCore,tile,42,rescue,gaussian_blur,mild,Wiener,0.5
PatchCore,tile,42,degradation,gaussian_blur,moderate,none,0.8935786485671997
PatchCore,tile,42,rescue,gaussian_blur,moderate,Wiener,0.5
PatchCore,tile,42,degradation,motion_blur,mild,none,0.965007185935974
PatchCore,tile,42,rescue,motion_blur,mild,Wiener (Motion PSF),0.494047611951828
PatchCore,tile,42,degradation,motion_blur,moderate,none,0.8538960814476013
PatchCore,tile,42,rescue,motion_blur,moderate,Wiener (Motion PSF),0.6982322931289673
PatchCore,tile,42,degradation,sensor_noise,mild,none,0.9935065507888794
PatchCore,tile,42,rescue,sensor_noise,mild,NLM Denoise,0.9801587462425232
PatchCore,tile,42,degradation,sensor_noise,moderate,none,0.949495017528534
PatchCore,tile,42,rescue,sensor_noise,moderate,NLM Denoise,0.9307359457015992
PatchCore,tile,42,degradation,fog_haze,mild,none,0.988816738128662
PatchCore,tile,42,rescue,fog_haze,mild,Dehaze (Dark Channel),0.9743866920471193
PatchCore,tile,42,degradation,fog_haze,moderate,none,0.9303751587867736
PatchCore,tile,42,rescue,fog_haze,moderate,Dehaze (Dark Channel),0.8722943663597107
PatchCore,tile,123,degradation,low_light,mild,none,0.9985570311546326
PatchCore,tile,123,rescue,low_light,mild,CLAHE,0.9960317015647888
PatchCore,tile,123,rescue,low_light,mild,Retinex,0.9779942035675048
PatchCore,tile,123,degradation,low_light,moderate,none,0.9971140027046204
PatchCore,tile,123,rescue,low_light,moderate,CLAHE,0.9992785453796388
PatchCore,tile,123,rescue,low_light,moderate,Retinex,0.9837662577629088
PatchCore,tile,123,degradation,gaussian_blur,mild,none,0.9902597665786744
PatchCore,tile,123,rescue,gaussian_blur,mild,Wiener,0.5
PatchCore,tile,123,degradation,gaussian_blur,moderate,none,0.8856421709060669
PatchCore,tile,123,rescue,gaussian_blur,moderate,Wiener,0.5
PatchCore,tile,123,degradation,motion_blur,mild,none,0.9653679728507996
PatchCore,tile,123,rescue,motion_blur,mild,Wiener (Motion PSF),0.488095223903656
PatchCore,tile,123,degradation,motion_blur,moderate,none,0.856782078742981
PatchCore,tile,123,rescue,motion_blur,moderate,Wiener (Motion PSF),0.697510838508606
PatchCore,tile,123,degradation,sensor_noise,mild,none,0.9909812808036804
PatchCore,tile,123,rescue,sensor_noise,mild,NLM Denoise,0.981962502002716
PatchCore,tile,123,degradation,sensor_noise,moderate,none,0.9466090202331544
PatchCore,tile,123,rescue,sensor_noise,moderate,NLM Denoise,0.9408369064331056
PatchCore,tile,123,degradation,fog_haze,mild,none,0.9873737692832948
PatchCore,tile,123,rescue,fog_haze,mild,Dehaze (Dark Channel),0.9711399674415588
PatchCore,tile,123,degradation,fog_haze,moderate,none,0.9498556852340698
PatchCore,tile,123,rescue,fog_haze,moderate,Dehaze (Dark Channel),0.9498556852340698
PatchCore,tile,456,degradation,low_light,mild,none,0.999278485774994
PatchCore,tile,456,rescue,low_light,mild,CLAHE,0.9971140623092652
PatchCore,tile,456,rescue,low_light,mild,Retinex,0.9747475385665894
PatchCore,tile,456,degradation,low_light,moderate,none,0.9967532157897948
PatchCore,tile,456,rescue,low_light,moderate,CLAHE,0.9992785453796388
PatchCore,tile,456,rescue,low_light,moderate,Retinex,0.9790764451026917
PatchCore,tile,456,degradation,gaussian_blur,mild,none,0.9884559512138368
PatchCore,tile,456,rescue,gaussian_blur,mild,Wiener,0.5
PatchCore,tile,456,degradation,gaussian_blur,moderate,none,0.893217921257019
PatchCore,tile,456,rescue,gaussian_blur,moderate,Wiener,0.5
PatchCore,tile,456,degradation,motion_blur,mild,none,0.9603174924850464
PatchCore,tile,456,rescue,motion_blur,mild,Wiener (Motion PSF),0.494047611951828
PatchCore,tile,456,degradation,motion_blur,moderate,none,0.8499279022216797
PatchCore,tile,456,rescue,motion_blur,moderate,Wiener (Motion PSF),0.7011183500289917
PatchCore,tile,456,degradation,sensor_noise,mild,none,0.9898990392684937
PatchCore,tile,456,rescue,sensor_noise,mild,NLM Denoise,0.9819625616073608
PatchCore,tile,456,degradation,sensor_noise,moderate,none,0.9451659321784972
PatchCore,tile,456,rescue,sensor_noise,moderate,NLM Denoise,0.9318181276321412
PatchCore,tile,456,degradation,fog_haze,mild,none,0.9841270446777344
PatchCore,tile,456,rescue,fog_haze,mild,Dehaze (Dark Channel),0.9779942631721495
PatchCore,tile,456,degradation,fog_haze,moderate,none,0.933261215686798
PatchCore,tile,456,rescue,fog_haze,moderate,Dehaze (Dark Channel),0.9249639511108398
PatchCore,toothbrush,42,degradation,low_light,mild,none,0.9694443941116332
PatchCore,toothbrush,42,rescue,low_light,mild,CLAHE,0.894444465637207
PatchCore,toothbrush,42,rescue,low_light,mild,Retinex,0.7749999761581421
PatchCore,toothbrush,42,degradation,low_light,moderate,none,0.9361111521720886
PatchCore,toothbrush,42,rescue,low_light,moderate,CLAHE,0.875
PatchCore,toothbrush,42,rescue,low_light,moderate,Retinex,0.7388888597488403
PatchCore,toothbrush,42,degradation,gaussian_blur,mild,none,0.8666666746139526
PatchCore,toothbrush,42,rescue,gaussian_blur,mild,Wiener,0.5
PatchCore,toothbrush,42,degradation,gaussian_blur,moderate,none,0.5
PatchCore,toothbrush,42,rescue,gaussian_blur,moderate,Wiener,0.5
PatchCore,toothbrush,42,degradation,motion_blur,mild,none,0.5
PatchCore,toothbrush,42,rescue,motion_blur,mild,Wiener (Motion PSF),0.5
PatchCore,toothbrush,42,degradation,motion_blur,moderate,none,0.5
PatchCore,toothbrush,42,rescue,motion_blur,moderate,Wiener (Motion PSF),0.5
PatchCore,toothbrush,42,degradation,sensor_noise,mild,none,0.949999988079071
PatchCore,toothbrush,42,rescue,sensor_noise,mild,NLM Denoise,0.8374999761581421
PatchCore,toothbrush,42,degradation,sensor_noise,moderate,none,0.9083333015441896
PatchCore,toothbrush,42,rescue,sensor_noise,moderate,NLM Denoise,0.5
PatchCore,toothbrush,42,degradation,fog_haze,mild,none,0.6652777791023254
PatchCore,toothbrush,42,rescue,fog_haze,mild,Dehaze (Dark Channel),0.5263888835906982
PatchCore,toothbrush,42,degradation,fog_haze,moderate,none,0.5
PatchCore,toothbrush,42,rescue,fog_haze,moderate,Dehaze (Dark Channel),0.5
PatchCore,toothbrush,123,degradation,low_light,mild,none,0.9722222089767456
PatchCore,toothbrush,123,rescue,low_light,mild,CLAHE,0.8999999761581421
PatchCore,toothbrush,123,rescue,low_light,mild,Retinex,0.7444444298744202
PatchCore,toothbrush,123,degradation,low_light,moderate,none,0.9194444417953492
PatchCore,toothbrush,123,rescue,low_light,moderate,CLAHE,0.8999999761581421
PatchCore,toothbrush,123,rescue,low_light,moderate,Retinex,0.8472222685813904
PatchCore,toothbrush,123,degradation,gaussian_blur,mild,none,0.8833333253860474
PatchCore,toothbrush,123,rescue,gaussian_blur,mild,Wiener,0.5
PatchCore,toothbrush,123,degradation,gaussian_blur,moderate,none,0.5
PatchCore,toothbrush,123,rescue,gaussian_blur,moderate,Wiener,0.5
PatchCore,toothbrush,123,degradation,motion_blur,mild,none,0.5416666269302368
PatchCore,toothbrush,123,rescue,motion_blur,mild,Wiener (Motion PSF),0.5
PatchCore,toothbrush,123,degradation,motion_blur,moderate,none,0.5
PatchCore,toothbrush,123,rescue,motion_blur,moderate,Wiener (Motion PSF),0.5
PatchCore,toothbrush,123,degradation,sensor_noise,mild,none,0.9527778029441832
PatchCore,toothbrush,123,rescue,sensor_noise,mild,NLM Denoise,0.8458333015441895
PatchCore,toothbrush,123,degradation,sensor_noise,moderate,none,0.8958333134651184
PatchCore,toothbrush,123,rescue,sensor_noise,moderate,NLM Denoise,0.5
PatchCore,toothbrush,123,degradation,fog_haze,mild,none,0.5777777433395386
PatchCore,toothbrush,123,rescue,fog_haze,mild,Dehaze (Dark Channel),0.6569444537162781
PatchCore,toothbrush,123,degradation,fog_haze,moderate,none,0.5
PatchCore,toothbrush,123,rescue,fog_haze,moderate,Dehaze (Dark Channel),0.5
PatchCore,toothbrush,456,degradation,low_light,mild,none,0.969444453716278
PatchCore,toothbrush,456,rescue,low_light,mild,CLAHE,0.9027777910232544
PatchCore,toothbrush,456,rescue,low_light,mild,Retinex,0.7833333015441895
PatchCore,toothbrush,456,degradation,low_light,moderate,none,0.9027777314186096
PatchCore,toothbrush,456,rescue,low_light,moderate,CLAHE,0.8972221612930298
PatchCore,toothbrush,456,rescue,low_light,moderate,Retinex,0.7472221851348877
PatchCore,toothbrush,456,degradation,gaussian_blur,mild,none,0.8888888955116272
PatchCore,toothbrush,456,rescue,gaussian_blur,mild,Wiener,0.5
PatchCore,toothbrush,456,degradation,gaussian_blur,moderate,none,0.5
PatchCore,toothbrush,456,rescue,gaussian_blur,moderate,Wiener,0.5
PatchCore,toothbrush,456,degradation,motion_blur,mild,none,0.5
PatchCore,toothbrush,456,rescue,motion_blur,mild,Wiener (Motion PSF),0.5
PatchCore,toothbrush,456,degradation,motion_blur,moderate,none,0.5
PatchCore,toothbrush,456,rescue,motion_blur,moderate,Wiener (Motion PSF),0.5
PatchCore,toothbrush,456,degradation,sensor_noise,mild,none,0.9722222089767456
PatchCore,toothbrush,456,rescue,sensor_noise,mild,NLM Denoise,0.8666666746139526
PatchCore,toothbrush,456,degradation,sensor_noise,moderate,none,0.9000000357627869
PatchCore,toothbrush,456,rescue,sensor_noise,moderate,NLM Denoise,0.5
PatchCore,toothbrush,456,degradation,fog_haze,mild,none,0.8138888478279114
PatchCore,toothbrush,456,rescue,fog_haze,mild,Dehaze (Dark Channel),0.7263888716697693
PatchCore,toothbrush,456,degradation,fog_haze,moderate,none,0.5
PatchCore,toothbrush,456,rescue,fog_haze,moderate,Dehaze (Dark Channel),0.5
PatchCore,transistor,42,degradation,low_light,mild,none,0.9783333539962769
PatchCore,transistor,42,rescue,low_light,mild,CLAHE,0.96875
PatchCore,transistor,42,rescue,low_light,mild,Retinex,0.9550000429153442
PatchCore,transistor,42,degradation,low_light,moderate,none,0.8016666769981384
PatchCore,transistor,42,rescue,low_light,moderate,CLAHE,0.946666657924652
PatchCore,transistor,42,rescue,low_light,moderate,Retinex,0.8629166483879089
PatchCore,transistor,42,degradation,gaussian_blur,mild,none,0.9729166626930236
PatchCore,transistor,42,rescue,gaussian_blur,mild,Wiener,0.5
PatchCore,transistor,42,degradation,gaussian_blur,moderate,none,0.5
PatchCore,transistor,42,rescue,gaussian_blur,moderate,Wiener,0.5
PatchCore,transistor,42,degradation,motion_blur,mild,none,0.7774999737739563
PatchCore,transistor,42,rescue,motion_blur,mild,Wiener (Motion PSF),0.5
PatchCore,transistor,42,degradation,motion_blur,moderate,none,0.5
PatchCore,transistor,42,rescue,motion_blur,moderate,Wiener (Motion PSF),0.5
PatchCore,transistor,42,degradation,sensor_noise,mild,none,0.8754166960716248
PatchCore,transistor,42,rescue,sensor_noise,mild,NLM Denoise,0.8270833492279053
PatchCore,transistor,42,degradation,sensor_noise,moderate,none,0.5527083277702332
PatchCore,transistor,42,rescue,sensor_noise,moderate,NLM Denoise,0.6754166483879089
PatchCore,transistor,42,degradation,fog_haze,mild,none,0.4908333420753479
PatchCore,transistor,42,rescue,fog_haze,mild,Dehaze (Dark Channel),0.5193750262260437
PatchCore,transistor,42,degradation,fog_haze,moderate,none,0.4749999940395355
PatchCore,transistor,42,rescue,fog_haze,moderate,Dehaze (Dark Channel),0.4749999940395355
PatchCore,transistor,123,degradation,low_light,mild,none,0.9816666841506958
PatchCore,transistor,123,rescue,low_light,mild,CLAHE,0.9749999642372132
PatchCore,transistor,123,rescue,low_light,mild,Retinex,0.9470833539962769
PatchCore,transistor,123,degradation,low_light,moderate,none,0.784583330154419
PatchCore,transistor,123,rescue,low_light,moderate,CLAHE,0.940000057220459
PatchCore,transistor,123,rescue,low_light,moderate,Retinex,0.8520833253860474
PatchCore,transistor,123,degradation,gaussian_blur,mild,none,0.9758333563804626
PatchCore,transistor,123,rescue,gaussian_blur,mild,Wiener,0.5
PatchCore,transistor,123,degradation,gaussian_blur,moderate,none,0.5
PatchCore,transistor,123,rescue,gaussian_blur,moderate,Wiener,0.5
PatchCore,transistor,123,degradation,motion_blur,mild,none,0.7837499976158142
PatchCore,transistor,123,rescue,motion_blur,mild,Wiener (Motion PSF),0.5
PatchCore,transistor,123,degradation,motion_blur,moderate,none,0.5
PatchCore,transistor,123,rescue,motion_blur,moderate,Wiener (Motion PSF),0.5
PatchCore,transistor,123,degradation,sensor_noise,mild,none,0.893750011920929
PatchCore,transistor,123,rescue,sensor_noise,mild,NLM Denoise,0.8524999618530273
PatchCore,transistor,123,degradation,sensor_noise,moderate,none,0.5506249666213989
PatchCore,transistor,123,rescue,sensor_noise,moderate,NLM Denoise,0.6779166460037231
PatchCore,transistor,123,degradation,fog_haze,mild,none,0.4908333420753479
PatchCore,transistor,123,rescue,fog_haze,mild,Dehaze (Dark Channel),0.5174999833106995
PatchCore,transistor,123,degradation,fog_haze,moderate,none,0.4875000119209289
PatchCore,transistor,123,rescue,fog_haze,moderate,Dehaze (Dark Channel),0.4749999940395355
PatchCore,transistor,456,degradation,low_light,mild,none,0.9762500524520874
PatchCore,transistor,456,rescue,low_light,mild,CLAHE,0.9766666889190674
PatchCore,transistor,456,rescue,low_light,mild,Retinex,0.9579167366027832
PatchCore,transistor,456,degradation,low_light,moderate,none,0.8037499785423279
PatchCore,transistor,456,rescue,low_light,moderate,CLAHE,0.9379166960716248
PatchCore,transistor,456,rescue,low_light,moderate,Retinex,0.8429166674613953
PatchCore,transistor,456,degradation,gaussian_blur,mild,none,0.9704166650772096
PatchCore,transistor,456,rescue,gaussian_blur,mild,Wiener,0.5
PatchCore,transistor,456,degradation,gaussian_blur,moderate,none,0.5
PatchCore,transistor,456,rescue,gaussian_blur,moderate,Wiener,0.5
PatchCore,transistor,456,degradation,motion_blur,mild,none,0.78125
PatchCore,transistor,456,rescue,motion_blur,mild,Wiener (Motion PSF),0.5
PatchCore,transistor,456,degradation,motion_blur,moderate,none,0.5
PatchCore,transistor,456,rescue,motion_blur,moderate,Wiener (Motion PSF),0.5
PatchCore,transistor,456,degradation,sensor_noise,mild,none,0.8879166841506958
PatchCore,transistor,456,rescue,sensor_noise,mild,NLM Denoise,0.8512499928474426
PatchCore,transistor,456,degradation,sensor_noise,moderate,none,0.6004166603088379
PatchCore,transistor,456,rescue,sensor_noise,moderate,NLM Denoise,0.7179166078567505
PatchCore,transistor,456,degradation,fog_haze,mild,none,0.4658333361148834
PatchCore,transistor,456,rescue,fog_haze,mild,Dehaze (Dark Channel),0.4679166674613952
PatchCore,transistor,456,degradation,fog_haze,moderate,none,0.4749999940395355
PatchCore,transistor,456,rescue,fog_haze,moderate,Dehaze (Dark Channel),0.4749999940395355
PatchCore,wood,42,degradation,low_light,mild,none,0.9833333492279052
PatchCore,wood,42,rescue,low_light,mild,CLAHE,0.9754387140274048
PatchCore,wood,42,rescue,low_light,mild,Retinex,0.980701744556427
PatchCore,wood,42,degradation,low_light,moderate,none,0.9780701398849488
PatchCore,wood,42,rescue,low_light,moderate,CLAHE,0.9377192854881288
PatchCore,wood,42,rescue,low_light,moderate,Retinex,0.9798246026039124
PatchCore,wood,42,degradation,gaussian_blur,mild,none,0.9587719440460204
PatchCore,wood,42,rescue,gaussian_blur,mild,Wiener,0.5
PatchCore,wood,42,degradation,gaussian_blur,moderate,none,0.8736842274665833
PatchCore,wood,42,rescue,gaussian_blur,moderate,Wiener,0.5
PatchCore,wood,42,degradation,motion_blur,mild,none,0.9745613932609558
PatchCore,wood,42,rescue,motion_blur,mild,Wiener (Motion PSF),0.8114035129547119
PatchCore,wood,42,degradation,motion_blur,moderate,none,0.938596487045288
PatchCore,wood,42,rescue,motion_blur,moderate,Wiener (Motion PSF),0.8131579756736755
PatchCore,wood,42,degradation,sensor_noise,mild,none,0.9456140995025636
PatchCore,wood,42,rescue,sensor_noise,mild,NLM Denoise,0.9026315808296204
PatchCore,wood,42,degradation,sensor_noise,moderate,none,0.8719298243522644
PatchCore,wood,42,rescue,sensor_noise,moderate,NLM Denoise,0.8096491098403931
PatchCore,wood,42,degradation,fog_haze,mild,none,0.9061403274536132
PatchCore,wood,42,rescue,fog_haze,mild,Dehaze (Dark Channel),0.884210467338562
PatchCore,wood,42,degradation,fog_haze,moderate,none,0.7964912056922913
PatchCore,wood,42,rescue,fog_haze,moderate,Dehaze (Dark Channel),0.5956140756607056
PatchCore,wood,123,degradation,low_light,mild,none,0.9859648942947388
PatchCore,wood,123,rescue,low_light,mild,CLAHE,0.9736841917037964
PatchCore,wood,123,rescue,low_light,mild,Retinex,0.9798245429992676
PatchCore,wood,123,degradation,low_light,moderate,none,0.9675438404083252
PatchCore,wood,123,rescue,low_light,moderate,CLAHE,0.9359649419784546
PatchCore,wood,123,rescue,low_light,moderate,Retinex,0.9833333492279052
PatchCore,wood,123,degradation,gaussian_blur,mild,none,0.9561403393745422
PatchCore,wood,123,rescue,gaussian_blur,mild,Wiener,0.5
PatchCore,wood,123,degradation,gaussian_blur,moderate,none,0.8771929740905762
PatchCore,wood,123,rescue,gaussian_blur,moderate,Wiener,0.5
PatchCore,wood,123,degradation,motion_blur,mild,none,0.9719298481941224
PatchCore,wood,123,rescue,motion_blur,mild,Wiener (Motion PSF),0.8096491098403931
PatchCore,wood,123,degradation,motion_blur,moderate,none,0.9359649419784546
PatchCore,wood,123,rescue,motion_blur,moderate,Wiener (Motion PSF),0.8140351176261902
PatchCore,wood,123,degradation,sensor_noise,mild,none,0.9526315331459044
PatchCore,wood,123,rescue,sensor_noise,mild,NLM Denoise,0.907894730567932
PatchCore,wood,123,degradation,sensor_noise,moderate,none,0.8684210777282715
PatchCore,wood,123,rescue,sensor_noise,moderate,NLM Denoise,0.8035087585449219
PatchCore,wood,123,degradation,fog_haze,mild,none,0.8631578683853149
PatchCore,wood,123,rescue,fog_haze,mild,Dehaze (Dark Channel),0.878947377204895
PatchCore,wood,123,degradation,fog_haze,moderate,none,0.7456140518188477
PatchCore,wood,123,rescue,fog_haze,moderate,Dehaze (Dark Channel),0.707456111907959
PatchCore,wood,456,degradation,low_light,mild,none,0.9850876927375792
PatchCore,wood,456,rescue,low_light,mild,CLAHE,0.9745614528656006
PatchCore,wood,456,rescue,low_light,mild,Retinex,0.9824561476707458
PatchCore,wood,456,degradation,low_light,moderate,none,0.977192997932434
PatchCore,wood,456,rescue,low_light,moderate,CLAHE,0.9342105388641356
PatchCore,wood,456,rescue,low_light,moderate,Retinex,0.9815790057182312
PatchCore,wood,456,degradation,gaussian_blur,mild,none,0.9596492052078248
PatchCore,wood,456,rescue,gaussian_blur,mild,Wiener,0.5
PatchCore,wood,456,degradation,gaussian_blur,moderate,none,0.8771929740905762
PatchCore,wood,456,rescue,gaussian_blur,moderate,Wiener,0.5
PatchCore,wood,456,degradation,motion_blur,mild,none,0.9763157963752748
PatchCore,wood,456,rescue,motion_blur,mild,Wiener (Motion PSF),0.7903509140014648
PatchCore,wood,456,degradation,motion_blur,moderate,none,0.9403509497642516
PatchCore,wood,456,rescue,motion_blur,moderate,Wiener (Motion PSF),0.8114035129547119
PatchCore,wood,456,degradation,sensor_noise,mild,none,0.949999988079071
PatchCore,wood,456,rescue,sensor_noise,mild,NLM Denoise,0.9008772373199464
PatchCore,wood,456,degradation,sensor_noise,moderate,none,0.8640351295471191
PatchCore,wood,456,rescue,sensor_noise,moderate,NLM Denoise,0.8078947067260742
PatchCore,wood,456,degradation,fog_haze,mild,none,0.9289473295211792
PatchCore,wood,456,rescue,fog_haze,mild,Dehaze (Dark Channel),0.913157880306244
PatchCore,wood,456,degradation,fog_haze,moderate,none,0.7649122476577759
PatchCore,wood,456,rescue,fog_haze,moderate,Dehaze (Dark Channel),0.6464912295341492
PatchCore,zipper,42,degradation,low_light,mild,none,0.9469537138938904
PatchCore,zipper,42,rescue,low_light,mild,CLAHE,0.6596639156341553
PatchCore,zipper,42,rescue,low_light,mild,Retinex,0.7782300710678101
PatchCore,zipper,42,degradation,low_light,moderate,none,0.9241071343421936
PatchCore,zipper,42,rescue,low_light,moderate,CLAHE,0.71875
PatchCore,zipper,42,rescue,low_light,moderate,Retinex,0.8093487024307251
PatchCore,zipper,42,degradation,gaussian_blur,mild,none,0.9561449885368348
PatchCore,zipper,42,rescue,gaussian_blur,mild,Wiener,0.5
PatchCore,zipper,42,degradation,gaussian_blur,moderate,none,0.5
PatchCore,zipper,42,rescue,gaussian_blur,moderate,Wiener,0.5
PatchCore,zipper,42,degradation,motion_blur,mild,none,0.693802535533905
PatchCore,zipper,42,rescue,motion_blur,mild,Wiener (Motion PSF),0.5
PatchCore,zipper,42,degradation,motion_blur,moderate,none,0.5
PatchCore,zipper,42,rescue,motion_blur,moderate,Wiener (Motion PSF),0.5
PatchCore,zipper,42,degradation,sensor_noise,mild,none,0.7983193397521973
PatchCore,zipper,42,rescue,sensor_noise,mild,NLM Denoise,0.8936449289321899
PatchCore,zipper,42,degradation,sensor_noise,moderate,none,0.7216386795043945
PatchCore,zipper,42,rescue,sensor_noise,moderate,NLM Denoise,0.9096639156341552
PatchCore,zipper,42,degradation,fog_haze,mild,none,0.6318277716636658
PatchCore,zipper,42,rescue,fog_haze,mild,Dehaze (Dark Channel),0.6730567216873169
PatchCore,zipper,42,degradation,fog_haze,moderate,none,0.5
PatchCore,zipper,42,rescue,fog_haze,moderate,Dehaze (Dark Channel),0.4912027418613434
PatchCore,zipper,123,degradation,low_light,mild,none,0.9348739385604858
PatchCore,zipper,123,rescue,low_light,mild,CLAHE,0.6762080192565918
PatchCore,zipper,123,rescue,low_light,mild,Retinex,0.8101365566253662
PatchCore,zipper,123,degradation,low_light,moderate,none,0.9178045988082886
PatchCore,zipper,123,rescue,low_light,moderate,CLAHE,0.7442227005958557
PatchCore,zipper,123,rescue,low_light,moderate,Retinex,0.841911792755127
PatchCore,zipper,123,degradation,gaussian_blur,mild,none,0.9498424530029296
PatchCore,zipper,123,rescue,gaussian_blur,mild,Wiener,0.5
PatchCore,zipper,123,degradation,gaussian_blur,moderate,none,0.5
PatchCore,zipper,123,rescue,gaussian_blur,moderate,Wiener,0.5
PatchCore,zipper,123,degradation,motion_blur,mild,none,0.7022058963775635
PatchCore,zipper,123,rescue,motion_blur,mild,Wiener (Motion PSF),0.5
PatchCore,zipper,123,degradation,motion_blur,moderate,none,0.4957983195781708
PatchCore,zipper,123,rescue,motion_blur,moderate,Wiener (Motion PSF),0.5
PatchCore,zipper,123,degradation,sensor_noise,mild,none,0.8082983493804932
PatchCore,zipper,123,rescue,sensor_noise,mild,NLM Denoise,0.8794642686843872
PatchCore,zipper,123,degradation,sensor_noise,moderate,none,0.7704831957817078
PatchCore,zipper,123,rescue,sensor_noise,moderate,NLM Denoise,0.8915441632270813
PatchCore,zipper,123,degradation,fog_haze,mild,none,0.5785188674926758
PatchCore,zipper,123,rescue,fog_haze,mild,Dehaze (Dark Channel),0.7245272994041443
PatchCore,zipper,123,degradation,fog_haze,moderate,none,0.5
PatchCore,zipper,123,rescue,fog_haze,moderate,Dehaze (Dark Channel),0.5470063090324402
PatchCore,zipper,456,degradation,low_light,mild,none,0.9472163915634155
PatchCore,zipper,456,rescue,low_light,mild,CLAHE,0.6678045988082886
PatchCore,zipper,456,rescue,low_light,mild,Retinex,0.7872899174690247
PatchCore,zipper,456,degradation,low_light,moderate,none,0.9272584319114685
PatchCore,zipper,456,rescue,low_light,moderate,CLAHE,0.732405424118042
PatchCore,zipper,456,rescue,low_light,moderate,Retinex,0.8269432783126831
PatchCore,zipper,456,degradation,gaussian_blur,mild,none,0.9524683952331543
PatchCore,zipper,456,rescue,gaussian_blur,mild,Wiener,0.5
PatchCore,zipper,456,degradation,gaussian_blur,moderate,none,0.5
PatchCore,zipper,456,rescue,gaussian_blur,moderate,Wiener,0.5
PatchCore,zipper,456,degradation,motion_blur,mild,none,0.6948529481887817
PatchCore,zipper,456,rescue,motion_blur,mild,Wiener (Motion PSF),0.5
PatchCore,zipper,456,degradation,motion_blur,moderate,none,0.5
PatchCore,zipper,456,rescue,motion_blur,moderate,Wiener (Motion PSF),0.5
PatchCore,zipper,456,degradation,sensor_noise,mild,none,0.8182773590087891
PatchCore,zipper,456,rescue,sensor_noise,mild,NLM Denoise,0.8936449289321899
PatchCore,zipper,456,degradation,sensor_noise,moderate,none,0.763130247592926
PatchCore,zipper,456,rescue,sensor_noise,moderate,NLM Denoise,0.9059873819351196
PatchCore,zipper,456,degradation,fog_haze,mild,none,0.6126575469970703
PatchCore,zipper,456,rescue,fog_haze,mild,Dehaze (Dark Channel),0.6383928656578064
PatchCore,zipper,456,degradation,fog_haze,moderate,none,0.5
PatchCore,zipper,456,rescue,fog_haze,moderate,Dehaze (Dark Channel),0.5055146813392639
